{"Train Loss": 0.6192433359414866, "Train Accuracy": 0.7827397929059003, "Train F1": 0.6665097142658837, "Train Precision": 0.7190929777057743, "Train Recall": 0.6430097913466659, "Test Loss": 0.7563915442380851, "Test Accuracy": 0.741238793903186, "Test F1": 0.5873345272050088, "Test Precision": 0.7401513513881129, "Test Recall": 0.5416162209349469, "_timestamp": 1708609844.3182528, "_runtime": 758.3875298500061, "_step": 26}