{"Train Loss": 1.7261755466461182, "Train Accuracy": 0.3822834324830902, "Train F1": 0.28928940148846705, "Train Precision": 0.6590552617369588, "Train Recall": 0.15763728032909494, "Test Loss": 1.69219172000885, "Test Accuracy": 0.3859191655801825, "Test F1": 0.37346522866341364, "Test Precision": 0.693122555410691, "Test Recall": 0.6771512385919165, "_timestamp": 1708361137.5452101, "_runtime": 825.471342086792, "_step": 2}