{"Train Loss": 1.5908844518579894, "Train Accuracy": 0.39385543141531365, "Train F1": 0.1428301260077522, "Train Precision": 0.1954479349973619, "Train Recall": 0.16960917774542214, "Test Loss": 1.5622605851926548, "Test Accuracy": 0.39649551758313434, "Test F1": 0.11769391902860979, "Test Precision": 0.23355821368557456, "Test Recall": 0.1596732094412939, "_timestamp": 1708608957.5333052, "_runtime": 65.32193517684937, "_step": 1, "_wandb": {"runtime": 68}}